{
    "times": [
        1704500709.5719225,
        1704500769.5719225,
        1704500829.5719225,
        1704500889.5719225,
        1704500949.5719225,
        1704501009.5719225,
        1704501069.5719225,
        1704501129.5719225,
        1704501189.5719225,
        1704501249.5719225,
        1704501309.5719225,
        1704501369.5719225,
        1704501429.5719225,
        1704501489.5719225,
        1704501549.5719225,
        1704501609.5719225,
        1704501669.5719225,
        1704501729.5719225,
        1704501789.5719225,
        1704501849.5719225,
        1704501909.5719225,
        1704501969.5719225,
        1704502029.5719225,
        1704502089.5719225,
        1704502149.5719225,
        1704502209.5719225,
        1704502269.5719225,
        1704502329.5719225,
        1704502389.5719225,
        1704502449.5719225,
        1704502509.5719225,
        1704502569.5719225,
        1704502629.5719225,
        1704502689.5719225,
        1704502749.5719225,
        1704502809.5719225,
        1704502869.5719225,
        1704502929.5719225,
        1704502989.5719225,
        1704503049.5719225,
        1704503109.5719225,
        1704503169.5719225,
        1704503229.5719225,
        1704503289.5719225,
        1704503349.5719225,
        1704503409.5719225,
        1704503469.5719225,
        1704503529.5719225,
        1704503589.5719225,
        1704503649.5719225,
        1704503709.5719225,
        1704503769.5719225,
        1704503829.5719225,
        1704503889.5719225,
        1704503949.5719225,
        1704504009.5719225,
        1704504069.5719225,
        1704504129.5719225,
        1704504189.5719225,
        1704504249.5719225
    ],
    "cpu_usage": [
        73,
        69,
        34,
        61,
        24,
        20,
        22,
        61,
        78,
        58,
        22,
        59,
        59,
        43,
        61,
        24,
        21,
        68,
        63,
        65,
        38,
        51,
        61,
        79,
        70,
        67,
        47,
        49,
        23,
        22,
        54,
        37,
        23,
        42,
        43,
        47,
        62,
        38,
        77,
        73,
        21,
        54,
        24,
        62,
        21,
        58,
        73,
        34,
        50,
        52,
        20,
        78,
        29,
        63,
        47,
        37,
        29,
        73,
        55,
        35
    ],
    "gpu_usage": [
        39,
        54,
        27,
        65,
        20,
        16,
        59,
        32,
        56,
        19,
        65,
        10,
        34,
        70,
        56,
        44,
        10,
        54,
        47,
        56,
        58,
        54,
        17,
        15,
        22,
        68,
        51,
        12,
        32,
        39,
        28,
        42,
        26,
        28,
        10,
        18,
        46,
        63,
        14,
        35,
        13,
        23,
        69,
        65,
        60,
        34,
        64,
        41,
        36,
        11,
        65,
        68,
        69,
        41,
        57,
        46,
        62,
        31,
        37,
        23
    ],
    "thread_count": [
        27,
        31,
        12,
        1,
        29,
        32,
        18,
        13,
        32,
        10,
        12,
        1,
        37,
        50,
        15,
        25,
        27,
        24,
        17,
        22,
        34,
        24,
        25,
        32,
        42,
        20,
        28,
        2,
        28,
        43,
        10,
        19,
        23,
        21,
        7,
        15,
        6,
        29,
        3,
        46,
        27,
        37,
        9,
        41,
        47,
        5,
        19,
        5,
        21,
        8,
        7,
        39,
        27,
        1,
        26,
        11,
        7,
        8,
        38,
        25
    ],
    "experiments": [
        "Experimento 1",
        "Experimento 1",
        "Experimento 1",
        "Experimento 1",
        "Experimento 1",
        "Experimento 1",
        "Experimento 1",
        "Experimento 1",
        "Experimento 1",
        "Experimento 1",
        "Experimento 1",
        "Experimento 1",
        "Experimento 1",
        "Experimento 1",
        "Experimento 1",
        "Experimento 1",
        "Experimento 1",
        "Experimento 1",
        "Experimento 1",
        "Experimento 1",
        "Experimento 1",
        "Experimento 1",
        "Experimento 1",
        "Experimento 1",
        "Experimento 1",
        "Experimento 1",
        "Experimento 1",
        "Experimento 1",
        "Experimento 1",
        "Experimento 1",
        "Experimento 2",
        "Experimento 2",
        "Experimento 2",
        "Experimento 2",
        "Experimento 2",
        "Experimento 2",
        "Experimento 2",
        "Experimento 2",
        "Experimento 2",
        "Experimento 2",
        "Experimento 2",
        "Experimento 2",
        "Experimento 2",
        "Experimento 2",
        "Experimento 2",
        "Experimento 2",
        "Experimento 2",
        "Experimento 2",
        "Experimento 2",
        "Experimento 2",
        "Experimento 2",
        "Experimento 2",
        "Experimento 2",
        "Experimento 2",
        "Experimento 2",
        "Experimento 2",
        "Experimento 2",
        "Experimento 2",
        "Experimento 2",
        "Experimento 2"
    ]
}